id_port,name,freq,w_dist,L_deg,P_deg,A_deg,L_unw_dist,P_unw_dist,A_unw_dist,travel_time_c0,travel_time_c2,nb_reach_c0,nb_reach_c2
4008,Durban,7.8833,4.4939,71,278,360,2.3616,1.6728,1.5904,13.0279,21.1743,435.9259,414.2963
3126,Durres,0.5417,6.1045,14,24,63,3.0549,2.5744,2.4005,15.221,26.5335,432.7284,383.4568
4452,Sakaiminato,1.0583,5.2806,11,17,26,3.119,2.4233,2.2975,11.2974,23.5028,436.7778,398.1852
2733,Cartagena(COL),10.2583,4.6887,89,258,304,2.2815,1.714,1.6499,10.1455,19.4154,436.963,424.321
2489,Timaru,0.3667,8.0785,7,54,60,3.389,2.0984,1.9794,21.502,32.4341,406.8889,345.9506
333,Cartagena(ESP),0.525,5.0729,16,25,43,2.7346,2.3982,2.238,13.6447,23.8681,435.1111,396.3086
4977,Los Angeles,7.35,4.9808,43,174,224,2.7483,1.8169,1.7551,9.9287,21.0722,436.9506,411.4568
4448,Bordeaux,0.3667,5.6017,8,22,35,3.2174,2.3707,2.2929,14.6521,27.3532,435.1481,405.1728
8029,Tilbury,5.7333,5.1937,30,171,241,2.5652,1.9245,1.746,11.3704,19.9466,436.037,419.0864
2334,Magadan,0.35,7.5771,4,4,4,3.7986,3.3158,3.2563,14.7906,27.7057,433.8025,355.1358
4510,Guanta,0.4917,4.5326,16,48,78,2.9771,2.5034,2.3432,16.0389,25.5137,407.7654,368.284
3370,Veracruz,1.3,4.9326,17,98,160,3.2975,2.0366,1.9062,14.3914,25.1703,434.2222,397.7531
6424,Borg Harbour,1.0917,5.972,17,34,47,2.9199,2.3432,2.2792,14.2088,24.0634,435.1728,405.7654
181,Casablanca,3.65,4.7181,68,165,245,2.3867,1.8604,1.7277,11.4661,20.284,435.1728,412.7037
4830,Savona,0.95,5.7589,14,87,139,2.9359,2.1465,1.8764,13.2851,23.7415,433.1605,389.4074
2823,Aarhus,3.8417,5.4492,38,102,150,2.7208,1.9634,1.8764,12.3998,21.4712,435.7407,415.679
5521,Genoa,8.325,4.855,66,253,356,2.405,1.7757,1.5995,11.3814,19.6781,434.9877,414.2099
4436,Subic Bay,0.4333,4.9909,9,24,31,2.8467,2.222,2.1625,13.9401,26.0837,435.9506,391.4815
1509,Savannah,8.95,4.3033,61,291,338,2.1922,1.6934,1.6362,10.2296,18.3054,437.0494,424.4444
2388,Las Palmas,6.4333,5.6681,77,190,261,2.3158,1.9199,1.7643,11.9134,20.4764,435.8272,417.5802
4774,Venice,3.1667,6.0718,29,73,108,2.9314,2.3021,2.1007,13.3648,23.1758,433.3704,401.1975
1917,Leixoes,4.0083,5.3077,47,105,158,2.5629,2.103,1.9268,12.5451,20.8687,435.284,414.9259
4858,Suape,3.3833,5.037,36,125,176,2.7735,1.9199,1.8124,13.9856,23.0683,434.679,419.3951
3179,Lirquen,0.725,5.5488,13,75,76,2.6339,2.0114,1.968,13.4725,25.4344,436.0247,380.9753
4247,Lisbon,3.9333,4.7661,61,143,212,2.4691,2.032,1.9085,11.9768,20.5425,434.9136,412.679
7895,Mai-Liao,1.125,5.4623,6,9,25,2.8993,2.3936,2.3112,10.0554,23.7213,436.8519,411.4198
689,Novorossiysk,1.5833,6.6698,30,82,131,3.1053,1.9428,1.8535,15.4595,26.0997,432.6296,382.7531
5836,Skikda,0.4833,5.4298,13,25,47,3.0938,2.46,2.3432,15.5903,28.164,431.9259,396.2346
7597,Long Beach,5.0917,5.003,39,174,232,2.7757,1.8192,1.7529,10.2249,20.6755,436.8765,416.7531
4827,Balboa,2.1833,5.0069,43,135,209,2.6201,1.9314,1.7986,12.7127,23.1038,435.7407,399.9012
2992,Abidjan,3.5417,5.3989,54,140,207,2.4874,1.881,1.7757,13.6333,21.7987,435.3333,408.1975
3218,Reykjavik,0.6333,7.4735,7,18,19,3.0183,2.4188,2.3478,16.0417,28.3607,433.642,378.8889
273,Manzanillo(MEX),5.2667,4.6903,47,159,195,2.5263,1.9336,1.7986,11.8713,20.7954,436.6543,415.321
3917,Boston(USA),0.875,6.1354,12,88,138,2.8444,1.9977,1.8627,13.0782,23.1649,435.8519,408.9383
8805,Kitakyushu,7.9583,5.1042,49,83,133,2.6751,2.2517,2.0938,8.6109,19.5866,436.9259,414.1728
4173,Botany Bay,5.0917,6.8138,27,197,217,2.9725,1.7986,1.7483,16.6897,26.3041,427.7531,380.5679
4402,Abu Dhabi,1.2833,5.3399,20,38,79,2.7712,2.3524,2.1098,13.0464,25.0549,435.4074,411.2346
774,Zhangjiagang,0.325,5.2691,11,19,19,2.7872,2.2792,2.254,11.6746,26.8588,435.2593,384.1235
1159,Hososhima,0.8833,5.3268,14,20,30,3.1419,2.4165,2.3249,10.2617,22.8314,436.642,399.037
232,Balikpapan,0.6667,6.9068,6,12,14,3.4485,3.0892,2.8032,13.7515,25.7015,426.8642,384.1728
490,Guayaquil,3.9917,4.8498,34,162,219,2.643,1.8375,1.7712,11.7307,22.5484,436.2099,412.8642
3976,Phnom Penh,0.4917,5.495,12,12,27,2.8146,2.4142,2.2792,43.1255,51.1661,434.6049,335.6296
1504,Kaohsiung,40.4167,4.5899,118,296,385,2.254,1.6682,1.5652,8.3659,17.3943,436.9506,422.716
3107,Reunion,1.3667,6.1388,19,131,150,2.7666,1.9382,1.8673,19.1477,27.9443,425.0617,382.2222
1675,Zeebrugge,5.9333,4.6829,52,168,193,2.4119,1.8558,1.8055,11.4524,19.967,435.7037,417.8642
3092,Paranagua,5.0833,5.0249,34,208,285,2.6064,1.778,1.6705,13.0684,22.6901,436.0123,417.321
5753,Castries,0.525,4.7581,13,25,37,3.167,2.5469,2.4416,16.1437,28.1806,429.8148,396.6914
5956,Acajutla,1.2583,5.5754,15,68,85,3.1007,2.0847,2.0183,14.2758,26.7374,432.1728,390.8519
2067,Bourgas,0.325,6.8667,8,25,42,2.9611,2.46,2.3318,16.8929,30.6447,421.8395,359.963
2331,Houston,4.85,4.6164,49,191,267,2.5286,1.8238,1.6842,12.3418,21.76,436.1358,410.8642
3952,Zarate,0.725,5.6092,7,36,44,3.4874,2.508,2.4005,15.2786,28.4462,430.4321,391.6667
5171,Gijon,0.875,5.7861,20,41,73,2.7437,2.2677,2.1487,14.2311,24.4997,434.8025,400.4321
2594,Philadelphia,1.1917,5.4925,19,125,170,2.8078,1.9519,1.8101,13.3655,23.5571,434.8519,392.1605
2760,Pulau Batam,0.3833,5.9112,6,7,11,3.4485,3.0892,2.7918,12.1436,24.2123,436.2099,394.5926
3837,Catania,0.3333,6.2081,9,17,34,3.1922,2.5446,2.405,15.5696,27.8491,431.6914,373.2716
1816,Nelson(NZL),0.7583,7.8365,11,41,51,3.3387,2.1945,2.1487,20.9337,31.223,411.0988,339.2469
369,Montreal,1.925,5.6984,19,35,86,2.6773,2.27,2.119,18.0577,26.1584,428.2716,383
5899,Kotka,2.5167,6.9281,25,38,94,2.8032,2.3432,2.0435,14.1294,23.5281,434.7654,408.2716
5677,Varna,1.125,6.3972,12,35,85,3.2449,2.6156,2.1899,14.5158,25.2068,432.6914,393.8519
3110,Adelaide,1.2667,8.1537,11,135,161,2.7574,1.9108,1.8124,16.8556,26.604,430.6667,386.7778
1952,Aden,2.75,5.0281,28,60,131,2.6911,2.2014,2.0297,12.272,21.5308,436.3951,415.8395
3099,Niigata,2.75,5.7714,19,34,55,3.1213,2.2998,2.2403,11.0425,22.7064,436.5556,399.5309
4188,Port au Prince,1.5917,5.4943,20,40,70,2.8924,2.524,2.1968,13.2288,23.9048,436.7654,413.5062
854,Baltimore,2.0583,5.3002,17,141,196,2.6613,1.9474,1.7918,12.1538,22.2665,436.1728,410.0988
4837,Gioia Tauro,9.7667,5.2634,120,256,326,2.2128,1.7323,1.643,11.4691,19.5254,434.8642,414.5679
1140,Montoir,1.0417,4.9778,15,70,89,2.8604,2.1053,2.0183,13.2877,22.637,435.1235,405.963
8857,Caucedo,5.2,4.7278,57,194,247,2.4577,1.7918,1.7506,10.8454,19.7276,436.8765,426.9877
1532,Thessaloniki,2.325,6.1755,37,92,149,2.9268,2.1304,2.0092,13.6682,23.2457,433.0617,404.4321
4625,Nouakchott,0.425,5.1248,15,39,71,2.8673,2.2494,2.0915,18.2213,28.1356,419.0741,381.7037
2771,Lattakia,3.65,5.1776,39,114,174,2.9703,2.0206,1.9497,13.148,23.1254,434.1975,404.8889
2828,Karachi,5.2833,4.9802,46,133,204,2.5263,1.9062,1.8032,11.2482,20.7195,435.4938,413.5802
943,Helsingborg,2.2333,5.7217,26,42,87,2.7963,2.3455,2.2288,12.8299,22.0737,435.3333,413.321
143,Helsinki,3.9917,6.3202,35,44,100,2.7872,2.3204,2.0618,13.8672,22.8876,434.6173,407.2716
3010,Agadir,0.9917,5.334,18,41,81,2.7414,2.2563,2.0892,12.3416,21.7434,435.1358,409.2346
5015,Bandar Abbas,2.9917,4.7065,36,114,182,2.5286,1.897,1.8009,10.2787,20.3804,436.8025,419.9753
4352,Montevideo,4.0417,5.499,23,177,250,2.8444,1.7986,1.7025,13.9415,25.036,434.358,410.4691
1782,Cebu,1.2667,5.5934,13,17,34,2.7002,2.3272,2.2334,11.6686,22.3801,436.642,405.0123
311,Vancouver(CAN),3.2583,5.5126,22,99,173,3.0137,1.9794,1.8902,10.5737,21.475,436.5802,407.6296
1340,Launceston,0.9,6.233,7,14,18,3.4737,2.4005,2.3432,17.9832,28.5769,425.7654,374.4568
3130,Iquique,1.675,5.4445,23,102,122,3.0046,1.9405,1.8741,13.5752,25.4798,436.3704,394.7778
2833,Valparaiso,2.0667,5.7534,24,132,175,2.6979,1.8833,1.8215,13.1012,24.38,436.6914,397.3333
2369,Papeete,0.3833,10.5196,13,38,59,3.2838,2.5034,2.0458,23.6702,37.7441,409.0741,315.0988
6196,Daesan,0.6333,5.3445,7,9,15,2.7986,2.3638,2.3043,10.6996,23.244,436.4815,396.5556
6514,Thamesport,2.1833,5.2955,20,104,140,2.508,1.9336,1.8627,12.393,20.9211,435.5185,414.4938
207,Puerto Quetzal,2.9,5.0472,24,97,128,3.0114,2.0526,1.9359,13.0584,23.0428,436.6296,403.3951
484,Valletta,0.4917,5.517,15,29,57,3.0275,2.5423,2.3593,17.35,29.2412,432.9877,394.4198
1413,Iraklion,0.4917,7.0484,12,18,39,2.8787,2.4966,2.3432,17.376,28.4547,428,368.2222
5581,Sao Francisco do Sul,2.6,4.9941,21,138,221,2.9588,1.8947,1.7346,13.4991,24.0481,434.9877,413.7284
1697,Bremerhaven,18.65,4.7068,101,347,392,2.1053,1.627,1.5584,11.1254,19.0033,436.0617,421.4691
5625,Mantyluoto,0.3917,6.9784,12,27,52,3.0435,2.3387,2.2494,16.0256,28.0158,433.321,388.0864
3610,Santos,13.8583,4.0193,72,256,312,2.1899,1.7094,1.6156,12.5068,20.971,435.9259,423.4198
2605,Bangkok,10.2083,5.8217,25,67,107,2.6133,2.2128,2.1167,8.7327,18.9085,437,419.6667
4404,Gunsan,0.9333,5.5179,13,28,46,2.6384,2.222,2.1785,9.8666,22.0992,436.7901,405.5679
2220,Maracaibo,0.475,4.8515,15,27,47,2.9954,2.5469,2.3867,17.303,30.8056,433.8889,385.9383
3766,Brest,0.8167,5.3186,10,11,12,2.8238,2.3913,2.341,13.3588,22.8833,435.3827,408.2222
2842,Yokohama,27.9667,4.4619,95,283,366,2.4554,1.6934,1.5904,8.4476,18.6838,437,416.5926
1872,Yokkaichi,4.0583,5.2483,27,62,115,2.8009,2.2174,2.119,9.2512,21.0226,436.9506,405.3827
3458,Valencia,16,4.612,139,340,417,2.0526,1.627,1.5332,10.6442,18.0499,435.3704,420.4074
1847,El Dekheila,1.8833,5.783,33,138,205,2.8581,1.9611,1.8101,13.9932,23.6833,433.4074,396.679
4787,Banjarmasin,0.4917,5.9157,5,11,12,3.4508,3.0892,2.8032,11.508,26.0024,436.0864,398.9259
4747,Dakar,2.2167,5.5793,40,100,157,2.7071,2.1007,1.833,13.6775,22.2052,435.9877,418.2099
4244,Brevik,0.45,5.9857,12,18,51,3.0046,2.4371,2.3204,19.4557,30.0163,435.2222,369.3457
1286,El Guamache,0.525,5.0623,17,31,55,3.0046,2.5126,2.3661,14.7926,27.1083,436.3086,389.1852
1734,Pantoloan,0.3333,7.5419,6,7,15,3.5995,3.087,2.7803,15.0489,28.3937,436,383.1728
238,Portland(OR USA),0.45,5.7632,6,44,70,3.3616,2.1144,2.0069,13.3412,27.8506,435.9383,357.6049
4851,Ceuta,0.3417,5.106,20,43,76,2.913,2.4142,2.2632,16.2647,31.5125,428.9506,385.2469
4529,Moerdijk,0.3417,5.443,10,39,50,3.032,2.3204,2.2174,14.4608,27.1408,433.0988,358.8519
5345,Akita,0.6333,6.22,7,9,21,3.1716,2.4554,2.27,12.1983,23.9024,431.6543,370.1481
4564,Lautoka,0.5583,7.1008,12,50,63,2.8833,2.0183,1.9703,23.1404,34.8377,385.284,325.7654
5196,Manila,5.3333,4.6047,41,84,143,2.476,2.1762,2.0526,8.9314,18.8851,436.8765,419.2469
5450,Panjang,1.6083,5.9024,12,16,38,2.778,2.373,2.2586,10.2608,20.666,436.8025,416.0123
3983,Dalian,7.75,4.918,51,132,224,2.8055,1.9474,1.7712,8.3613,19.2418,437,416.4938
4279,Stockholm,0.4083,7.0495,7,7,47,3.0435,2.4989,2.2998,16.9762,27.9519,428.5309,351.2593
4752,Ravenna,2.0333,6.2497,26,50,63,3.087,2.389,2.2632,13.6029,24.3352,433.2469,391.8519
2815,Gwangyang,14.9583,4.5668,55,183,284,2.4851,1.865,1.6934,8.3565,18.3929,437,419.716
5676,Rauma,1.3083,7.04,24,36,73,2.7963,2.3455,2.119,14.5329,24.0991,434.0864,400.1728
4067,Brisbane,3.7,5.2768,27,96,115,2.5355,1.9588,1.8764,15.2218,24.1841,430.6543,385.7531
2821,Bristol,0.6917,5.4172,14,26,76,2.7597,2.2769,2.0664,14.3601,25.1926,434.716,402.8272
1747,Khor Fakkan,5.8167,4.4647,54,155,183,2.4371,1.8741,1.8169,10.4048,19.888,436.2099,417.8519
2101,Barcelona,12.9,4.7113,99,298,406,2.1373,1.6957,1.5629,10.829,18.9335,435.4198,419.2469
5724,Mobile,1.0083,5.5599,12,55,107,2.7597,2.0526,1.8902,14.3064,25.8449,434.0988,394.5679
426,Damietta,1.8833,4.2555,51,153,182,2.4416,1.8741,1.833,11.8989,20.9044,436.7407,416.6173
3767,Dammam,1.5417,4.784,27,73,137,2.7025,1.9817,1.8787,13.1246,23.5905,432.6667,380.3457
1392,Santa Marta,0.4167,5.8916,9,25,41,2.9497,2.2746,2.2059,13.8032,25.4034,434.9753,406.0741
1165,Singapore,79.0167,4.8558,222,469,518,1.8535,1.4485,1.389,8.0339,15.6813,437,428.2469
4611,Sines,1.7667,4.993,36,113,174,2.3478,1.8879,1.8124,11.6714,20.7794,436.4444,415.5185
2200,Tema,2.5917,5.0546,26,144,197,2.8513,1.8238,1.7574,13.679,22.7241,436.037,414.2716
6512,Yantian,20.4167,4.039,75,319,370,2.1739,1.6362,1.5858,8.3513,16.3733,437,424.1358
3974,Yantai,3.4833,5.334,31,71,97,2.6796,2.0206,1.913,8.8252,20.2984,436.9506,407.0988
306,Huangpu,0.4,5.5605,7,22,45,2.9268,2.3272,2.2449,10.8685,24.6021,436.9012,394.9506
5629,Maputo,0.9333,7.0408,14,62,83,2.6476,2.0618,2.016,18.9353,29.1297,424.8025,377.9753
2831,Fort de France,1.0417,4.6928,25,80,102,2.6751,2.0801,1.9611,14.003,24.5983,436.716,421.2469
5363,Klaipeda,3.25,6.3078,34,55,136,2.7895,2.2677,2.0229,14.0662,23.3015,433.8395,401.1728
3315,Yangon,0.8917,7.4843,15,17,35,2.6384,2.3318,2.2288,12.6732,23.9905,436.0741,407.9012
639,Barranquilla,2.0167,4.9528,19,41,77,2.9314,2.5309,2.1327,11.2697,21.2703,436.8889,416.6049
686,Limassol,4.7583,5.8131,50,159,230,2.4211,1.8696,1.7643,12.7629,22.4009,433.9753,404.9383
1988,Oslo,1.6917,5.9302,21,25,74,2.8032,2.3593,2.1876,14.089,23.6787,434.5802,403.4568
6323,Ishikariwan Shinko,0.325,6.3988,5,7,21,3.1693,2.4554,2.2815,13.6391,28.9496,432.0247,380.5309
5908,Teluk Bayur,0.4083,5.7439,4,5,8,3.4645,3.087,2.7666,13.9159,28.1121,436.5062,377.9136
1593,Dar es Salaam,1.0917,10.147,20,50,82,2.7025,2.2128,2.1281,18.0166,27.3973,430.5309,384.284
2088,Oita,0.9333,5.3024,12,18,37,2.8993,2.357,2.2883,10.9265,22.9579,436.8272,400.2099
1708,Moss,0.6583,6.4699,12,30,56,3.2494,2.3249,2.2128,15.7736,25.2683,429.5309,362.5926
2207,Fortaleza,0.5,7.8512,10,47,53,3.103,2.2975,2.222,18.9358,29.4787,431.7037,382.5679
4844,Marin,0.575,5.6653,11,42,61,2.8192,2.2609,2.1419,13.983,25.2478,436.2716,406.1852
3595,Alexandria(EGY),3.6583,5.5597,58,135,204,2.7277,1.9588,1.8352,13.0529,22.1198,433.9506,407.2716
8092,Santa Cruz de Tenerife,2.9583,5.4819,32,63,106,2.7231,2.2288,2.0984,12.1647,22.0824,435.7407,412.1358
2417,Hachinohe,0.6083,5.3961,6,18,38,3.135,2.3181,2.2586,12.6233,24.4221,432.2222,387.7531
4624,Puerto Limon,3.6,5.2013,34,79,119,2.6087,2.0229,1.8879,11.1864,21.1234,436.963,415.7284
889,Fos,4.8333,4.6507,45,203,280,2.3844,1.8535,1.7162,11.3001,20.0828,435.2099,415.8272
941,Algeciras,8.4583,4.4967,127,250,313,2.0755,1.7551,1.659,10.8205,18.7388,435.7284,420.4568
3521,La Spezia,4.9583,5.1723,54,223,293,2.5355,1.7757,1.6728,11.3967,20.1795,434.7037,412.9753
732,Algiers,2.45,5.1306,42,74,116,2.7414,2.1716,2.0023,11.9983,21.6325,433.2716,404.7901
1503,Charleston,7.0583,4.4444,53,212,259,2.2311,1.8032,1.73,10.8085,19.4361,436.7901,421.1481
5774,Pontianak,0.7,6.8603,7,12,30,2.8307,2.4256,2.254,12.2553,24.2975,436.5802,389.2963
4542,Jubail,0.4333,5.5791,10,13,24,3.1281,2.3936,2.2449,14.678,28.261,434.0741,370.7407
819,Alicante,2.2417,5.3877,23,45,91,2.9016,2.4416,2.254,12.2397,21.3256,434.2716,405.9012
5152,Davao,2.1167,5.8686,18,51,76,2.5721,2.2471,2.167,10.9911,21.0716,436.5062,407.7778
2940,Manaus,1.05,9.4933,17,40,78,3.1213,2.5629,2.3661,19.5311,29.7677,423.5802,382.4568
1831,Tees,2.9333,5.0298,29,63,92,2.6613,2.2677,2.1236,12.0027,21.2554,435.3827,415.1235
4403,Sihanoukville,1.9917,5.4601,15,18,39,2.7346,2.3776,2.2449,10.6941,21.1127,436.8148,410.8025
5290,Mina Saqr,1.325,5.1955,25,58,67,2.7689,2.1693,2.0137,12.0321,23.7237,434.4321,399.3704
837,Nakanoseki,1,5.2996,22,31,45,2.881,2.3432,2.2586,10.6553,23.1384,436.7531,408.5556
5608,Monrovia,0.4667,6.3906,11,17,41,2.9977,2.5469,2.3501,17.818,28.8161,427.5802,366.7654
5493,Osaka,18.8583,5.0956,52,171,219,2.524,1.8307,1.7368,8.4193,19.0831,437,414.5432
2151,Kobe,22.425,4.8346,64,212,295,2.4989,1.7597,1.6499,8.4509,18.8059,437,416.7407
3725,Xiamen,10.4917,4.3615,59,253,334,2.4874,1.762,1.6316,8.3343,17.2515,437,423.1235
5891,Haifa,5.025,5.0993,52,126,168,2.5721,1.913,1.8421,12.1393,21.1782,434.1235,412.0494
1276,St. Vincent(WI),0.5333,5.2518,12,30,46,3.0732,2.4897,2.4302,17.0371,27.9938,429.5185,397.4444
3560,Haikou,0.3583,5.4425,4,6,22,2.8993,2.405,2.2815,10.7638,24.0295,436.8642,405.7407
2204,Lazaro Cardenas,1.2167,4.596,29,100,160,2.6407,2.0847,1.8375,11.7623,21.5623,436.6173,417.5679
7606,Tauranga,2.7917,7.0951,35,123,139,2.4691,1.8879,1.8215,17.1302,26.3352,422.3951,387.2469
4761,Kochi(IND),1.9083,6.3769,17,59,76,2.6293,2.1625,2.0618,11.8028,22.4011,435.9877,407.8519
3077,Buenaventura,3.7917,5.8933,29,148,195,3.0366,1.8558,1.8032,12.506,22.813,436.321,410.8025
2729,Buenos Aires,5.5083,6.2653,22,179,261,3.0915,1.8238,1.7048,13.5633,24.8454,434.0123,413.4938
283,Puerto del Rosario,0.5,5.8863,13,20,24,2.9268,2.5011,2.4256,16.7496,28.0284,428,357.5679
3867,Haiphong,10.125,5.2232,35,55,128,2.5103,2.2357,2.1304,8.7772,18.7485,436.9506,419.9877
9581,Navegantes,3.5417,4.6736,27,137,208,3.0252,1.897,1.7689,12.8421,23.0185,436.5679,424.321
4410,Hakata,8.3417,5.03,40,87,147,2.6773,2.2494,1.8993,8.4268,19.1514,437,415.5926
1698,Umm Qasr,1.1417,10.4145,10,11,41,2.8719,2.508,2.2723,15.7638,26.5594,430.5556,388.9136
1219,Altamira,3.4,4.657,32,157,211,2.8032,1.8902,1.7918,12.9417,22.8912,434.7654,409.642
2999,Chennai,2.4333,7.1722,15,72,133,2.7712,2.0114,1.881,11.9571,21.8412,436.5926,409.3704
4070,Odessa,1.3417,6.4085,23,82,151,2.6316,2.032,1.8833,15.7988,25.226,432.1481,398.1852
5643,Fraser River Port,0.75,6.7183,13,50,88,2.8421,2.1739,1.9977,13.2923,25.6604,431.321,379.358
5865,Goole,0.7,5.5235,4,4,5,3.0984,2.4828,2.3844,18.6181,24.6845,302.7407,284.6543
4488,Kodiak,0.5417,10.2319,3,4,4,3.8169,3.0183,2.9314,15.7152,30.2154,425.037,349.8395
828,Tartous,0.8333,5.9099,23,54,100,3.2494,2.2632,2.1785,15.6085,27.1134,431.1975,380.9506
4588,Degrad des Cannes,0.375,5.6559,4,22,26,3.611,2.3638,2.3021,21.7482,32.4633,419.284,349.3333
1080,Tarragona,2.7833,5.3999,36,132,175,2.7735,1.9108,1.8261,11.3498,20.4739,435.284,413.4074
9826,Shuwaikh,2.3583,5.3138,19,22,49,2.9954,2.5263,2.2197,11.5947,22.9095,436.7778,412.2716
5393,St. Petersburg,6.3917,6.9253,41,50,111,2.7277,2.3341,2.0915,13.5928,22.5849,434.716,409.3333
3125,Fredericia,0.5167,5.9283,13,20,55,2.849,2.3661,2.2906,15.4104,26.0178,434.321,401.9012
5757,Penang,5.225,4.6958,31,70,143,2.5812,2.2334,2.0481,8.5321,18.3235,436.9506,422.7654
5146,Ulsan,8.0833,5.0481,43,79,117,2.7002,2.2609,2.135,8.552,19.1793,437,415.9383
1600,Melbourne,5.7583,7.1629,32,205,222,2.7162,1.778,1.7368,16.5425,25.7205,428.7531,388.9383
4984,Shuaiba,0.7833,6.2158,9,15,46,3.1968,2.6888,2.2311,13.6728,25.1088,436.5432,399.7901
394,Ensenada(MEX),1.1583,5.3318,13,68,111,3.3043,2.1533,1.9908,13.7505,25.9954,435.7284,378.2469
903,Port Sultan Qaboos,1.375,5.3819,23,50,66,2.6201,2.1602,2.0664,12.204,23.2395,434.9136,400.4568
3012,Ambarli,7.0083,5.8841,72,209,263,2.4279,1.7941,1.7208,12.6282,21.4547,435.0988,415.0494
3724,Taranto,2.1167,5.4517,43,89,113,2.5423,1.9931,1.8947,13.0748,21.7755,434.1852,411.8519
5708,Chiba,0.8917,5.3807,11,33,57,3.1419,2.3089,2.2174,9.8338,22.8823,436.7778,397.9877
5133,Haldia,1.8417,5.8377,15,27,56,2.7666,2.3478,2.2243,12.0213,22.6368,433.6296,401.7654
5268,Rouen,0.9333,5.4443,12,47,75,2.9497,2.3844,2.1487,12.1836,22.2812,434.7037,406.9136
3241,Puerto Cortes,3.175,5.8625,34,67,122,2.611,2.1648,2.0526,12.2462,22.0292,435.8642,410.9012
5022,Port Sudan,2.2667,6.2092,20,44,108,2.7071,2.238,2.0481,13.7869,22.937,435.9259,407.4815
856,Freeport(BHS),4.8167,4.8636,68,203,236,2.2471,1.778,1.7391,11.6869,20.4373,436.4938,420.9259
830,Rotterdam,34.8917,4.5281,156,444,520,2.103,1.4874,1.3959,10.6499,18.3554,436.2716,424.8148
1828,Le Havre,12.425,4.4535,99,325,404,2.1693,1.659,1.5423,10.8577,18.2956,435.9877,420.4198
1323,St. Martin,0.65,4.8092,12,61,80,3.1831,2.3661,2.167,15.216,27.0902,435.7284,416.4444
3324,Freetown,0.4167,7.6446,5,16,33,3.1419,2.5698,2.4416,21.0508,33.6098,423.0864,338.8395
966,Halifax,2.0167,4.969,20,101,117,2.4851,1.9291,1.8833,12.3401,21.713,435.358,409.0741
219,Fremantle,2.7583,9.113,18,134,160,2.7574,1.8787,1.8169,13.1706,22.1448,434.9259,406.321
1483,Mizushima,3.35,5.3603,23,35,67,2.8741,2.3387,2.2151,9.2958,20.844,436.9383,409.6173
6133,Naha,0.675,5.613,10,21,29,3.4302,2.6934,2.27,12.1608,25.519,436.4444,389.2963
5767,San Vicente,1.5833,4.8334,22,115,151,2.6453,1.8673,1.8238,14.1027,24.8786,433.9012,394.9136
2491,Pointe Noire(COG),0.5833,5.1617,27,80,98,2.762,1.9794,1.9268,20.8858,30.2048,435.7531,394.1358
3871,Wilmington(NC USA),0.975,5.2328,12,35,59,2.6041,2.1053,1.9794,14.243,25.0048,434.4568,404.1235
4453,Itajai,1.3583,4.9387,19,108,141,3.0275,1.9245,1.8375,14.0764,24.7046,434.2469,406.8148
205,Gothenburg,0.8167,5.5415,29,62,107,2.7963,2.0092,1.881,20.6506,39.0818,433.9753,302.1481
8048,Tanjung Pelepas,10.9083,3.8663,104,286,319,2.0961,1.6842,1.643,7.9873,15.514,437.0247,429.7531
2145,Tyne,0.825,5.2875,10,11,15,2.8902,2.4462,2.3318,13.3697,24.267,435.0123,405.6667
151,Chittagong,4.7583,6.9245,16,28,73,2.7643,2.3066,2.1831,9.5251,19.0207,436.7037,416.679
843,Amsterdam,0.7583,5.2604,23,80,122,2.6773,1.913,1.8467,14.5131,25.9045,434.642,392.716
4337,Chiwan,4.7333,4.7004,40,232,317,2.476,1.7323,1.6522,8.371,17.7134,437,420.9753
3832,Nagoya,22.7417,4.6371,52,244,309,2.6545,1.7277,1.6339,8.5111,19.4149,437,414.1358
2302,Longkou,0.7333,5.1512,13,21,48,2.9817,2.3707,2.2586,10.4419,26.2284,436.1358,396.1481
5233,Puerto Cabello,4.5833,4.141,66,179,227,2.3318,1.8009,1.7277,10.6389,20.1475,436.9383,423.2716
2121,Shimonoseki,0.7167,5.3632,10,11,14,3.1602,2.4394,2.3661,10.0754,22.5962,436.8519,400.6296
5295,Busan,56.7083,4.3869,178,448,500,2.1785,1.4668,1.4073,8.3436,18.1771,437,419.0247
5123,Beira,0.4667,7.7239,9,20,29,2.9199,2.2632,2.1693,21.8143,33.3676,409.5062,346.716
2688,Beirut,4.9833,5.0189,47,191,267,2.6224,1.8169,1.7208,12.5343,21.5722,434.6667,409.2222
5224,Bejaia,0.875,5.3518,26,43,90,2.7918,2.3432,2.1373,14.8701,25.6362,431.9506,393.1358
7596,Norfolk(USA),4.0167,4.1284,24,144,175,2.373,1.8696,1.833,10.6167,18.9113,436.4198,415.7407
593,Shimizu,6.6583,5.1447,27,121,173,2.5629,1.9062,1.8261,8.6897,20.0358,436.9506,410.642
2213,Anchorage,0.4833,11.2145,3,4,4,3.8146,3.0183,2.9314,16.3532,31.6743,422.3704,344.2222
7762,Longoni,0.6083,7.8057,13,30,53,2.8856,2.4943,2.2197,20.5404,31.7493,426,369.8272
5145,Ancona,1.3333,6.2597,17,37,85,2.8879,2.4302,2.3066,14.1639,24.1385,433.0617,399.2099
681,Kristiansand,1.0667,5.7249,18,32,63,2.8124,2.3501,2.2838,13.7197,23.9484,434.8765,408.4074
501,Chornomorsk,1.5167,6.8402,31,120,164,2.3936,1.8924,1.8261,14.975,24.4603,433.358,404.1605
1652,Pekanbaru,0.3667,6.8428,6,9,9,2.8352,2.4233,2.3638,14.5349,28.0839,431.9753,383.8272
3062,Belawan,2.4,4.7505,18,21,60,2.7666,2.3684,2.2151,9.8575,19.8785,435.6049,411.2963
1452,Pointe a Pitre,1.025,4.9267,25,55,77,2.73,2.0961,1.9588,14.2335,24.9955,435.0247,405.6543
5041,Belem,0.3833,6.9517,4,24,45,3.4966,2.3616,2.2426,20.227,29.7908,426.2963,387.4444
253,Belfast,2.225,6.317,15,37,52,2.8307,2.3455,2.2838,13.3345,22.1762,435.1852,412.7531
372,Nagasaki,0.3,5.3469,4,4,18,3.1739,2.4622,2.2883,12.6648,27.8537,436.6173,387.037
2235,Puerto Barrios,0.3917,6.3389,7,7,10,3.135,2.7826,2.6316,16.8435,29.681,433.5185,397.7778
1254,Lyttelton,1.8167,7.4166,18,68,96,3.373,2.222,2.0618,19.4156,29.2542,413.7654,372.1852
9703,Tangier-Mediterranee,2.9667,4.1633,84,210,282,2.2037,1.8009,1.7208,11.2212,19.945,435.7654,419.4938
1786,Tangier,0.4833,5.2069,25,73,108,2.7551,2.3341,2.0206,14.7941,25.3386,433.1975,391.9506
1314,Shibushi,0.4833,5.3088,10,19,41,3.1396,2.4142,2.3089,10.7927,24.81,436.5679,386.4444
5134,Hirao,0.4667,5.3501,11,23,35,2.9062,2.3204,2.2586,5.4811,10.9826,222.1975,206.0123
1107,Belize City,0.475,6.8098,4,10,38,3.4989,2.8009,2.4188,14.9151,26.0196,432.6173,394.7901
811,Kolkata,2.4917,6.7806,20,28,68,2.7735,2.3753,2.1693,11.7513,21.3576,435.679,408.0864
790,Mejillones,0.65,5.3312,20,82,122,2.9908,1.9565,1.881,15.6267,28.8802,430.8395,365.8889
6418,Shenzhen,0.5917,4.4766,16,84,122,2.6041,2.0892,2.0023,11.3473,22.8685,436.6667,393.9012
2414,Radicatel,0.6583,5.5779,8,12,16,2.9497,2.4989,2.3249,15.0052,26.0342,434.2346,390.8765
6047,Rades,1.95,6.12,30,52,108,2.8215,2.3684,2.1579,13.6093,22.4966,433.9383,406.8765
1546,Palma(Canary Is),0.4,5.9229,7,12,18,3.2906,2.5721,2.3799,17.0768,29.9891,430,362.1481
7559,Manzanillo(PAN),9.375,4.5556,83,239,307,2.2243,1.7368,1.6453,10.3063,18.8881,437,422.0123
3590,Shekou,9.8917,4.4402,51,247,331,2.4783,1.7574,1.643,8.3439,17.6079,437,421.4198
1139,Hiroshima,3.6417,5.1365,27,39,76,2.865,2.3364,2.2197,9.3693,20.3096,436.9506,410.358
2993,Hamburg,25.8083,5.0607,105,365,446,2.3043,1.5973,1.4966,11.2559,19.2267,436,422.679
5749,Annaba,0.625,4.6495,26,60,87,2.8307,2.254,2.1968,12.3855,23.5804,433.7407,400.9383
6142,Diliskelesi,0.5083,6.1882,12,66,100,2.7941,2.0435,1.9611,17.8237,28.5452,422.4815,371.7778
1369,San Juan(PRI),2.4417,4.7047,33,79,127,2.6407,2.1602,2.0526,12.0336,21.6935,436.7037,411.0617
2631,Port of Spain,3.2,4.0975,51,147,196,2.5057,1.8902,1.8055,11.5719,21.6991,436.9136,427.7778
3191,Iwakuni,0.4417,5.3211,12,26,39,2.9016,2.3158,2.2586,21.0744,32.3484,436.3333,401.037
5075,Hamina,0.7833,7.308,10,23,51,2.9519,2.3593,2.2883,15.2226,26.3521,433.9753,392.1605
3719,Cadiz,2.05,4.7919,35,58,81,2.6568,2.2632,2.1533,12.5954,21.4166,434.9506,411.9012
2385,Antalya,0.5667,6.1504,16,35,70,3.1487,2.4645,2.1465,15.7205,27.4425,431.1481,384.7407
2567,Point Lisas,0.975,5.3496,33,73,91,2.7483,2.1854,2.1396,14.1722,24.2434,433.4074,405.1481
2714,Civitavecchia,0.5083,5.711,7,12,61,3.0526,2.5538,2.2723,13.9636,25.721,432.2716,384.8025
4717,Tsuruga,0.7917,5.6681,8,12,30,3.1693,2.4554,2.3547,10.6927,22.8627,436.716,406.2593
5094,Tampa,0.4917,5.6006,7,10,46,3.1762,2.6178,2.2037,14.7764,27.7197,434.9877,396.8148
3272,Laem Chabang,20.6417,5.1439,57,167,262,2.4439,1.8719,1.7231,8.7232,17.7462,437,422.6173
2201,Cagayan de Oro,0.475,5.9043,5,11,18,3.508,2.3547,2.2563,13.0825,25.5049,436.6049,392.0741
963,Antofagasta,0.9,5.7334,14,76,115,3.2838,1.9954,1.8947,14.6655,27.7169,436.4568,384.0247
4250,Port Muhammad Bin Qasim,2.65,5.7226,26,111,176,2.5446,1.9222,1.8375,10.783,21.0052,436.2716,412.2593
4992,Cagliari,4.4667,5.501,67,147,200,2.4416,1.9497,1.7849,12.2096,21.0802,435.3457,414.8889
576,Antwerp,23.3583,4.6042,152,434,492,1.9817,1.5217,1.4508,10.6814,17.9205,436.1852,424.5062
3380,Nassau,0.85,5.654,5,5,16,3.016,2.6934,2.4851,12.7488,23.925,436.037,411.8519
3618,Sharjah,1.0917,5.6114,16,25,65,2.7689,2.3616,2.1945,12.0497,24.5707,436.716,401.0494
5137,Masan,1.1417,5.3215,16,32,46,2.6133,2.2632,2.2151,9.9872,22.0713,436.8642,405.1235
4444,Grangemouth,2.2833,5.3298,13,16,33,2.7849,2.3753,2.3158,12.3163,21.3843,435.7778,418.4198
1282,Shantou,0.8917,5.0093,18,33,82,2.7208,2.2792,2.0801,9.2755,20.4797,436.9877,413.5926
8914,Fushiki-Toyama,2.5333,5.6523,20,29,68,2.8947,2.3478,2.2243,10.5604,22.3742,436.6667,405.3457
3824,Wellington,1.175,8.0734,11,61,74,3.3112,2.2197,2.1716,19.5932,29.8335,414.3704,365.8642
90,Apapa-Lagos,2.9417,5.5655,38,158,219,2.5057,1.8215,1.7574,14.9117,23.6423,435.9383,396.358
1182,Shanghai,62.8333,4.2871,168,472,534,2.032,1.4394,1.3822,8.3354,17.2893,437,423.0741
2779,Palermo,0.4167,6.1218,11,22,32,3.3341,2.5538,2.3638,16.2784,27.8175,432.7037,383.3951
4326,Izmir,6.8417,6.1437,63,152,212,2.659,1.9565,1.8513,12.6404,21.2681,434.5556,407.9753
4760,Izmit,0.4333,6.8028,19,68,110,3.2334,2.1831,1.9451,17.3529,31.0414,431.321,384.2593
1612,Talcahuano,0.3417,5.7566,11,74,107,2.7872,1.984,1.8856,18.6467,33.0559,427.2716,360.284
2346,Djibouti,2.725,5.1455,46,130,175,2.6041,1.8856,1.8215,12.2738,21.2665,436.3951,415.8025
4438,Weihai,1.6083,5.2609,17,24,31,3.0961,2.3478,2.254,9.1159,21.4619,436.9259,406.2716
5778,Aqaba,2.8417,6.54,35,117,178,2.3936,1.8741,1.8009,12.9691,21.0162,435.7901,417.358
1997,Oran,0.6667,4.7928,20,34,61,2.8627,2.4119,2.2014,14.3566,25.3678,434.963,395.642
4295,Mesaieed,0.8917,5.9908,5,7,13,3.2014,2.7185,2.6247,11.8725,23.9011,436.642,391.642
3432,Fuzhou,1.25,4.9272,20,65,112,2.6156,2.151,2.0092,9.728,20.2454,436.8765,413.6173
9719,Evyap,0.45,6.6123,17,89,132,3.1602,1.9336,1.865,17.9346,30.4097,422.0741,349.5185
3529,Ho Chi Minh City,11.4083,4.5773,42,101,150,2.4966,2.1236,2.0458,8.5266,17.6209,437,421.4198
2935,Liverpool,2.3,5.6321,23,56,91,2.6842,2.2586,2.1281,13.5782,22.4432,435.4198,406.3086
8435,Pecem,1.8833,6.0916,22,94,150,2.6545,2.1281,1.9725,14.9214,23.4529,433.1852,411.5556
5917,Seville,0.3167,5.6162,17,41,57,2.7483,2.3066,2.2517,19.0373,32.8679,432.0494,351.0247
1441,Caldera(CRI),1.0167,5.9215,13,49,83,3.3959,2.1945,2.0984,14.5268,25.238,433.9506,392.5802
4458,Takamatsu,0.9167,5.985,13,17,24,3.6522,2.3547,2.2952,10.0844,23.1548,436.6049,404.7037
3106,Trieste,2,6.1534,22,119,163,3.1465,1.8719,1.8146,13.9584,24.4169,432.4815,395.1728
7598,Oakland,9.4833,4.5835,49,203,259,2.5332,1.762,1.7117,9.3742,19.3973,436.963,414.0864
502,Kawasaki,0.625,5.3946,6,31,47,3.4073,2.2517,2.2151,10.4081,24.49,435.9877,394.7407
70,Warrenpoint,0.5417,7.6176,2,2,2,3.4096,2.8535,2.8032,15.4749,26.4299,432.5556,389.2716
4867,Nacala,0.3917,8.5207,9,21,36,3.2654,2.3753,2.2838,22.2588,33.1611,419.9012,343.4444
4640,Southampton,3.9833,5.116,40,120,155,2.3158,1.9062,1.8673,11.885,20.1599,435.8272,422.5926
1878,Hodeidah,1.7417,5.9471,20,41,73,2.8741,2.4943,2.1716,13.3309,23.1095,436.0247,408.3951
1891,Misurata,0.3833,5.3136,15,23,40,2.8947,2.4828,2.3776,15.6202,28.6875,429.5926,343.9753
9468,Taipei,4.3583,4.4806,33,127,171,2.5332,1.9039,1.8238,9.1961,19.6383,436.9136,418.0741
2394,Setubal,0.375,5.5966,10,36,56,2.8856,2.27,2.1648,16.5397,30.0666,433.0617,374.8025
3647,Taichung,15.9167,5.0151,33,104,138,2.5698,2.1693,2.0778,8.5356,18.663,436.9259,418.8395
4042,Callao,5.7083,4.3789,38,187,235,2.7643,1.8055,1.762,10.6613,20.6348,437.0864,418.7407
2157,Doha(QAT),1.5333,5.6616,6,12,16,3.1304,2.3707,2.3043,11.8907,23.5985,436.642,405.6914
4700,Jacksonville,1.9917,5.2225,28,112,177,2.8146,1.9886,1.8078,11.7737,21.7102,435.8889,414.9012
5160,Malmo,0.4833,5.988,9,12,40,3.0915,2.6064,2.3318,14.6254,26.0877,434.8272,402.4198
5490,Walvis Bay,0.9,4.7533,19,78,104,2.7071,2.0801,2.0275,17.3177,27.892,428.5185,386.5185
5923,Arica,0.7417,5.3327,13,65,103,3.3936,2.2288,2.0572,13.8793,26.9394,436.9136,395.3086
4572,New York,12.325,4.6464,74,278,327,2.2746,1.7071,1.6362,10.3914,18.3769,436.8519,420.6296
4823,Prince Rupert,0.4917,6.7313,4,21,39,3.6728,2.3753,2.2151,14.1969,26.7882,433.642,385.2099
402,New Tuticorin,1.5833,5.6501,17,45,55,2.7437,2.2334,2.1693,10.7882,21.6788,436.6914,412.8765
4165,Mersin,6.075,6.0386,59,181,273,2.7208,1.8513,1.7231,12.4709,21.7262,434.0864,405.8025
4231,Toyohashi,1.2083,5.3289,15,27,49,3.103,2.3455,2.2197,9.8528,22.8765,436.7531,398.2593
4593,Keelung,19.1333,4.6569,60,207,288,2.4828,1.7918,1.6819,8.5677,18.659,436.9506,416.6049
2664,San Antonio(CHL),2.6083,5.1642,33,122,151,2.6842,1.8879,1.833,13.147,23.7947,436.8765,406.0494
1534,New Plymouth,0.6417,8.0747,19,84,102,3.3158,1.9748,1.9176,21.3591,32.2513,408.1111,348.6049
1995,Greenock,1.1917,6.1619,12,17,40,2.8902,2.4119,2.3043,14.5863,24.6532,435.1481,399.0247
115,Port Klang,37.3917,4.4504,146,360,425,1.968,1.5858,1.5057,8.0869,16.3833,437,427.0988
2549,Qingdao,22.3583,4.8162,93,306,399,2.3959,1.6613,1.5492,8.3841,18.0832,437,422.4938
2445,Jakarta,15.0833,4.9819,61,136,213,2.4714,2.135,2,8.8214,18.0304,436.9136,423.9259
3434,Arrecife,0.8417,5.0448,18,32,67,2.8924,2.4119,2.1968,13.9583,25.1855,433.2469,394.6173
3381,New Orleans,1.4083,4.7106,17,103,170,2.714,2.016,1.8719,13.0413,24.1417,436.4198,409.2593
3978,Kaliningrad,0.525,6.1269,12,17,42,3.0755,2.5904,2.3021,14.9913,26.131,433.4815,382.6049
5889,Sepetiba,2.325,4.8655,21,118,157,2.7368,1.9039,1.849,13.6728,23.0374,435.3457,416.0123
5263,Tacoma,3.2,5.9918,28,79,130,2.8192,2.0229,1.9359,10.7453,22.6918,436.4938,396.8642
5477,Malaga,1.175,4.9661,32,78,121,2.5652,2.103,1.9428,12.6003,23.1442,434.6914,407.8642
1231,New Mangalore,0.4167,6.5255,11,28,43,3.0069,2.3593,2.2929,15.7288,29.5937,434.9506,378.1235
611,Makassar,2.3167,7.2598,9,11,33,3.4462,3.0824,2.4279,10.6328,21.9578,435.9753,405.3086
3915,Bilbao,2.875,5.4744,43,120,189,2.5721,2.0549,1.8879,12.4435,21.0603,435.9259,414.1975
1142,Torshavn,0.9,6.4767,9,16,20,2.9931,2.4302,2.3455,16.5331,25.6143,407.8148,346.8889
3662,Mombasa,2.3417,11.8986,30,88,122,2.6705,1.9908,1.9268,16.887,25.8543,430.3333,388.037
2978,Colombo,15.5833,5.0339,98,299,384,2.0641,1.6636,1.5606,9.9698,18.5386,436.7654,420.9136
2131,Colon(PAN),2.5417,4.4435,61,172,230,2.3341,1.8032,1.7254,11.3861,21.2094,436.679,411.963
3415,Lianyungang,0.75,5.0229,16,45,90,2.5812,2.2403,2.0366,10.5401,22.9576,435.5802,394.3951
4289,Leghorn,4.425,5.3375,41,211,289,2.8192,1.7986,1.6934,11.6816,20.7483,434.4568,409.9753
8839,Sendai-Shiogama,0.8667,5.412,10,39,68,3.1304,2.2517,2.1899,12.156,23.6152,436.1358,398.2469
3035,Mishima-Kawanoe,0.8667,5.8486,8,8,12,3.1579,2.4485,2.3799,10.7571,24.2249,436.9012,399.6667
5157,Douala,0.675,5.9551,21,77,140,2.4805,1.9588,1.8764,18.0221,30.097,428.8765,377.963
5554,Ashdod,4.6083,5.7712,50,139,180,2.5011,1.8902,1.8307,12.531,22.1855,433.3951,405.963
298,Kingston(JAM),6.7,4.5093,77,203,224,2.3158,1.8009,1.7597,10.6373,19.1679,436.9259,422.3086
5403,Fangcheng,0.5167,5.5605,3,5,18,2.9268,2.4302,2.2746,10.3884,24.4823,435.6543,388.3457
1304,Szczecin,0.5,5.872,18,35,65,2.7941,2.1419,2.0252,17.1299,29.0793,434.679,394.9877
166,Marseilles,1.2,5.5411,23,77,129,2.9062,2.2563,2.0595,12.8858,23.1948,431.358,395.2346
1524,Bintulu,1.3083,7.3745,19,31,58,2.6728,2.3135,2.2151,12.4929,23.688,436.5185,402.2222
3592,Naples,3.6333,5.5196,43,195,263,2.6773,1.8261,1.7368,12.05,20.9158,434.1975,409.358
3624,Napier,1.75,7.0953,18,95,121,2.7048,1.9245,1.8535,17.9793,27.5983,419.4074,376.2963
1817,Conakry,0.5333,5.2965,19,54,70,2.7689,2.2174,2.1419,18.343,28.2549,425.8025,364.7654
4345,Koper,2.4417,5.3463,28,96,159,2.8856,1.9451,1.8398,13.6328,23.7541,432.5926,400.7654
3501,Songkhla,1.425,5.5611,9,13,28,2.7002,2.3478,2.2746,10.445,20.2438,436.8642,412.2222
2266,Lome,1.9167,4.7062,33,124,170,2.6613,1.8261,1.7712,13.5156,22.8409,434.6173,401.5432
3144,Salvador,2.8833,5.6988,33,137,184,2.659,1.9291,1.8215,14.239,23.6251,435.284,419.1235
818,Vostochnyy,1.6667,6.6247,10,21,31,3.1693,2.3204,2.2632,12.7918,23.4874,435.0617,394.3951
722,Pyeongtaek,2.3417,5.156,27,64,98,2.7071,2.0069,1.9199,9.3048,20.3588,436.8889,410.9506
6166,Jawaharlal Nehru,10.45,5.2878,64,245,341,2.3524,1.7414,1.6247,10.5931,18.999,436.7037,420.0494
4868,Bitung,1.0167,7.7368,10,11,30,2.8856,2.4005,2.2105,13.0169,25.1139,436.3333,387.6173
4592,Semarang,3.0333,5.9546,12,29,85,2.778,2.2975,2.1876,10.3476,20.1288,436.7284,417.2099
4258,Volos,0.5,6.7104,15,28,73,3.0343,2.5446,2.1579,16.0823,28.5528,432.3827,377.0247
4714,Larvik,0.8833,5.7506,14,25,40,2.7941,2.3455,2.286,15.0053,23.5146,427.4198,371.5185
821,Piraeus,5.15,5.3728,73,189,271,2.7231,1.7986,1.6957,12.9707,21.9218,434.9383,407.6914
808,Naoetsu,0.8,6.2362,7,10,25,3.8604,3.2334,2.3684,10.8546,22.8504,436.7407,400.3827
5522,Constantza,3.3167,6.3987,30,143,208,3.0915,1.8787,1.7918,14.3238,23.5869,433.1235,404.4198
1658,Rio Haina,2.875,4.9259,44,134,167,2.6407,1.9634,1.8741,11.5862,21.6555,436.8765,417.963
6464,Pipavav,1.8083,5.8568,17,50,93,2.7574,2.1762,1.9428,12.5024,22.6251,434.8765,410.4938
2775,Rio Grande(BRA),5.4333,5.6178,24,182,256,2.9199,1.7849,1.6911,13.3884,23.4711,435.3827,414.2099
2241,Poti,0.7917,7.4663,15,18,38,3.1533,2.6316,2.3913,17.0358,27.5792,431.0988,373.2593
944,Vladivostok,1.8417,6.5839,8,18,32,2.8032,2.3249,2.2632,11.2988,22.429,436.7654,400.0494
5793,Muara Port,0.95,8.8307,15,22,42,2.6934,2.3432,2.2449,14.3829,25.2294,435.1111,397.2099
185,Jebel Ali,22.5917,4.9772,107,266,347,2.2037,1.7208,1.6339,10.0677,19.062,436.8025,422.6296
603,Rio de Janeiro,4.0333,4.4276,44,202,257,2.3593,1.7986,1.6888,13.1835,22.1259,435.4815,419.679
5438,Vitoria,1.6417,5.2897,28,95,133,3.0458,2.1579,1.9314,15.4033,25.3812,434.6914,410.9012
2539,Tomakomai,2.0583,5.8796,15,40,67,3.151,2.2883,2.222,11.3335,22.5821,436.6914,401.6543
2756,Copenhagen,1.9333,5.8138,26,34,64,2.7963,2.3524,2.1854,13.1212,22.5005,435.2963,411.3827
4620,Auckland,1.9917,6.1148,36,100,114,2.6407,2.0092,1.9451,16.972,26.0436,427.1728,391.2593
5096,Visakhapatnam,0.9167,6.7508,13,23,43,2.7803,2.3043,2.2265,12.9529,23.8516,432.7901,401.8519
3169,Kuantan,2.6083,4.7053,27,59,116,2.6224,2.238,2.0847,9.1124,18.893,436.9259,417.9753
2685,Augusta,0.4583,5.3379,24,63,116,2.9176,2.2059,1.9634,15.691,27.6387,425.9259,371.7778
4899,Miami,3.9667,5.073,52,186,218,2.2883,1.8352,1.7826,11.586,20.1199,436.7901,423.5062
1965,Suva,0.5583,9.1819,11,43,55,2.8627,2.2334,2.1854,21.297,31.1435,403.8889,346.5679
3164,Hong Kong,82.3583,4.5627,166,477,549,1.9291,1.4348,1.3638,8.3398,16.5527,437,424.9259
8956,Sohar,1.2,5.1754,16,28,63,2.7803,2.3753,2.1808,12.0467,23.1049,436.7037,407.4691
4646,Dublin,5.2333,5.7848,25,32,65,2.7803,2.3593,2.2403,12.5178,21.2266,435.9506,414.3333
4604,Jeddah,10.45,4.2895,96,268,338,2.1899,1.6911,1.6156,11.1604,19.0969,436.4938,422.7531
4779,Kuching,1.6583,8.139,12,14,26,2.8124,2.405,2.3158,11.8043,21.5833,436.2346,412.7531
5760,Gdansk,3.225,6.3665,26,51,104,2.7963,2.2677,2.0664,13.2007,22.4522,435.1481,407.0988
3943,Corinto,0.7,5.8981,10,35,64,3.5812,2.2128,2.1007,15.9468,27.4772,422.6667,380.4815
5802,Tokyo,26.9833,4.5254,73,213,302,2.5263,1.7323,1.6453,8.4552,19.0021,437,415.8148
2994,Tokuyama,2.15,5.3116,25,37,85,2.8558,2.3112,2.1625,9.3109,20.7771,436.9877,407.2716
2275,Cork,1.5333,5.9364,10,15,34,2.7803,2.3799,2.3021,13.6362,23.8449,435.358,410.6296
2865,Salerno,3.1333,5.6548,49,104,161,2.6453,2.0938,1.9931,13.1006,21.6554,434.284,407.8395
1781,Cape Town,4.4333,4.5,48,206,291,2.3249,1.8078,1.6842,15.0261,23.2574,434.8642,410.0494
1549,Duisburg,0.6583,6.5212,4,6,6,4.0961,2.476,2.3844,19.7514,26.2139,318.8519,292.9259
670,Surabaya,9.1417,5.1318,42,71,147,2.6064,2.1648,1.8947,9.174,19.0121,436.8765,419.6296
4489,Seattle,3.25,6.0751,20,107,171,2.8215,1.9336,1.849,10.8525,22.4631,436.6173,403.1728
5135,Gdynia,2.1917,6.0815,20,44,124,2.8101,2.2654,2.032,13.3468,22.9037,434.9136,407.3704
2782,Port Everglades,4.3167,4.8587,48,154,197,2.6659,1.9268,1.8398,12.2465,21.7844,436.8642,422.1111
4400,Muuga,1.5833,6.893,25,35,76,2.8375,2.3501,2.0938,14.4999,24.2888,434.1481,396.037
8079,Portsmouth(VA USA),4.75,4.3659,33,214,270,2.4005,1.8032,1.7094,10.9639,19.7103,436.358,418.3704
2248,Felixstowe,13.2,4.278,94,331,405,2.0435,1.659,1.5606,10.8839,19.0721,436.1852,424.4815
1903,Pasir Gudang,6.05,4.4721,50,113,179,2.4737,2.1556,1.9977,8.638,17.9091,436.9877,422.1358
2503,Honolulu,2.0667,8.4048,18,73,78,2.7986,2.0092,1.9657,14.1957,24.6636,429,394.2222
130,Port Elizabeth,2.2667,5.6437,16,135,194,2.6751,1.8947,1.8009,14.9351,24.0769,433.1235,391.6296
5213,Havana,0.5833,4.737,17,32,64,2.714,2.373,2.1739,12.6665,24.4569,433.4938,383.1481
2516,Imbituba,0.45,5.2148,14,33,65,3.1213,2.3524,1.9771,16.6139,31.162,434.963,394.4815
3326,Vila do Conde,0.4833,6.9468,6,27,51,2.8879,2.5378,2.3661,19.519,31.895,427.2963,364.9012
5784,Gefle,0.95,6.5889,19,39,65,2.833,2.3432,2.27,15.5902,26.5854,435.284,404.5185
4059,Corunna,0.3,5.6637,12,24,31,2.9382,2.3295,2.27,18.4417,22.1328,344.9259,291.8519
881,Toamasina,1.1583,9.2385,17,52,66,2.9222,2.1213,2.0389,17.6583,27.0579,422.6667,378.9506
5270,Rijeka,1.2917,6.2965,20,62,118,2.9771,1.9817,1.8833,14.3843,24.5904,431.8519,392.7778
1985,Vigo,2.625,5.5524,31,75,131,2.73,2.2174,2.0412,13.1618,21.7906,435.1358,412.8519
3456,Marsaxlokk,7.4083,4.836,101,242,312,2.1762,1.7346,1.6476,11.0371,18.726,435.6296,418.6914
167,Salalah,5.0333,4.1868,65,188,244,2.2037,1.8215,1.7231,10.6814,19.0729,435.9012,407.8025
2249,Riga,1.9667,6.3809,30,46,96,2.7826,2.3387,2.087,14.7816,24.1318,434.4691,404.5062
3066,Dunedin,1.45,7.0936,14,62,81,2.9634,2.0229,1.9085,18.8111,27.9258,419.3457,384.4938
1912,Cotonou,1.8,3.9733,26,112,142,2.4989,1.8513,1.8238,13.67,22.5796,435.6667,411.2346
42,Immingham,1.9583,5.0305,17,35,54,2.7048,2.3158,2.2426,11.9915,21.6499,435.9012,413.7901
1597,Kanazawa,1.6833,5.6236,13,24,45,3.1602,2.4211,2.2723,10.5978,22.3951,436.8519,403.0123
20,Omaezaki,0.6167,5.5825,11,23,46,2.6247,2.2769,2.2037,11.6325,26.1676,435.8519,368.9877
4303,Incheon,9.1583,5.1813,42,92,153,2.6842,2.1762,2.0503,8.6174,19.1456,436.9506,415.4568
5513,Dunkirk,2.15,5.0031,30,145,230,2.7117,1.9359,1.7849,12.2584,21.0336,435.4691,411.8765
4006,Gemlik,1.9333,5.8242,35,88,139,2.8673,2.222,2.087,13.78,23.6099,434.0494,400.1481
2968,La Guaira,2.6083,4.6496,42,103,165,2.7483,2.1442,2.0046,11.3116,21.6573,436.6914,414.7407
3817,Ningbo,19.6917,4.3721,72,335,420,2.4119,1.6224,1.524,8.3348,17.2858,437,422.4321
8640,Nansha,1.8333,4.4249,25,146,191,2.6568,1.8535,1.7918,8.8599,18.4831,436.9259,418.4815
2918,General Santos,0.9167,6.4354,9,14,36,3.5469,2.4188,2.2563,12.1666,23.231,435.6667,402.0741
